ID,population_2017
"alabama,autauga",55443
"alabama,baldwin",212619
"alabama,barbour",25158
"alabama,bibb",22555
"alabama,blount",57827
"alabama,bullock",10176
"alabama,butler",19898
"alabama,calhoun",114664
"alabama,chambers",33758
"alabama,cherokee",25815
"alabama,chilton",44117
"alabama,choctaw",12935
"alabama,clarke",24097
"alabama,clay",13367
"alabama,cleburne",14906
"alabama,coffee",51777
"alabama,colbert",54509
"alabama,conecuh",12435
"alabama,coosa",10757
"alabama,covington",37078
"alabama,crenshaw",13861
"alabama,cullman",82836
"alabama,dale",49254
"alabama,dallas",39235
"alabama,de kalb",71404
"alabama,elmore",81416
"alabama,escambia",36999
"alabama,etowah",102937
"alabama,fayette",16474
"alabama,franklin",31590
"alabama,geneva",26410
"alabama,greene",8318
"alabama,hale",14809
"alabama,henry",17140
"alabama,houston",104373
"alabama,jackson",51907
"alabama,jefferson",659546
"alabama,lamar",13902
"alabama,lauderdale",92591
"alabama,lawrence",33077
"alabama,lee",161641
"alabama,limestone",94076
"alabama,lowndes",10104
"alabama,macon",18811
"alabama,madison",361665
"alabama,marengo",19366
"alabama,marion",29771
"alabama,marshall",95609
"alabama,mobile",414515
"alabama,monroe",21302
"alabama,montgomery",227079
"alabama,morgan",118811
"alabama,perry",9319
"alabama,pickens",20182
"alabama,pike",33435
"alabama,randolph",22683
"alabama,russell",57028
"alabama,shelby",87976
"alabama,st clair",213729
"alabama,sumter",12780
"alabama,talladega",80022
"alabama,tallapoosa",40613
"alabama,tuscaloosa",207709
"alabama,walker",63935
"alabama,washington",16532
"alabama,wilcox",10712
"alabama,winston",23745
"arizona,apache",71545
"arizona,cochise",124990
"arizona,coconino",141107
"arizona,gila",53629
"arizona,graham",37501
"arizona,greenlee",9468
"arizona,la paz",20735
"arizona,maricopa",4329580
"arizona,mohave",207114
"arizona,navajo",109144
"arizona,pima",1027502
"arizona,pinal",432114
"arizona,santa cruz",46636
"arizona,yavapai",228055
"arizona,yuma",209756
"arkansas,arkansas",17904
"arkansas,ashley",20319
"arkansas,baxter",41316
"arkansas,benton",266504
"arkansas,boone",37486
"arkansas,bradley",10853
"arkansas,calhoun",5224
"arkansas,carroll",27947
"arkansas,chicot",10639
"arkansas,clark",22180
"arkansas,clay",14910
"arkansas,cleburne",25046
"arkansas,cleveland",8181
"arkansas,columbia",23700
"arkansas,conway",20848
"arkansas,craighead",107037
"arkansas,crawford",62917
"arkansas,crittenden",48730
"arkansas,cross",16852
"arkansas,dallas",7354
"arkansas,desha",11732
"arkansas,drew",18373
"arkansas,faulkner",123397
"arkansas,franklin",17844
"arkansas,fulton",12112
"arkansas,garland",98444
"arkansas,grant",18096
"arkansas,greene",44977
"arkansas,hempstead",21881
"arkansas,hot spring",33600
"arkansas,howard",13377
"arkansas,independence",37409
"arkansas,izard",13680
"arkansas,jackson",17057
"arkansas,jefferson",69269
"arkansas,johnson",26489
"arkansas,lafayette",6822
"arkansas,lawrence",16590
"arkansas,lee",9147
"arkansas,lincoln",13473
"arkansas,little river",12393
"arkansas,logan",21753
"arkansas,lonoke",72878
"arkansas,madison",16349
"arkansas,marion",16460
"arkansas,miller",43884
"arkansas,mississippi",42073
"arkansas,monroe",7052
"arkansas,montgomery",8907
"arkansas,nevada",8328
"arkansas,newton",7837
"arkansas,ouachita",23824
"arkansas,perry",10335
"arkansas,phillips",18564
"arkansas,pike",10721
"arkansas,poinsett",24121
"arkansas,polk",20162
"arkansas,pope",63655
"arkansas,prairie",8250
"arkansas,pulaski",393616
"arkansas,randolph",17645
"arkansas,saline",25938
"arkansas,scott",119669
"arkansas,searcy",10374
"arkansas,sebastian",7947
"arkansas,sevier",127865
"arkansas,sharp",17146
"arkansas,st francis",17200
"arkansas,stone",12517
"arkansas,union",39420
"arkansas,van buren",16533
"arkansas,washington",232780
"arkansas,white",78941
"arkansas,woodruff",6600
"arkansas,yell",21544
"california,alameda",1658131
"california,alpine",1121
"california,amador",38551
"california,butte",229207
"california,calaveras",45642
"california,colusa",21675
"california,contra costa",1144863
"california,del norte",27428
"california,el dorado",188722
"california,fresno",986542
"california,glenn",27956
"california,humboldt",136527
"california,imperial",181574
"california,inyo",17948
"california,kern",888988
"california,kings",149696
"california,lake",64162
"california,lassen",31123
"california,los angeles",10118759
"california,madera",155904
"california,marin",259725
"california,mariposa",17437
"california,mendocino",87697
"california,merced",271340
"california,modoc",8848
"california,mono",14235
"california,monterey",435477
"california,napa",140386
"california,nevada",99503
"california,orange",3179950
"california,placer",385565
"california,plumas",18740
"california,riverside",2417224
"california,sacramento",1527718
"california,san benito",60199
"california,san bernardino",2153203
"california,san diego",3325468
"california,san francisco",879166
"california,san joaquin",742516
"california,san luis obispo",282838
"california,san mateo",768808
"california,santa barbara",445606
"california,santa clara",1933383
"california,santa cruz",275105
"california,shasta",179539
"california,sierra",3009
"california,siskiyou",43784
"california,solano",443877
"california,sonoma",503246
"california,stanislaus",545267
"california,sutter",96438
"california,tehama",63718
"california,trinity",12726
"california,tulare",463097
"california,tuolumne",54039
"california,ventura",850802
"california,yolo",218376
"california,yuba",76775
"colorado,adams",504428
"colorado,alamosa",16543
"colorado,arapahoe",644132
"colorado,archuleta",13317
"colorado,baca",3563
"colorado,bent",5857
"colorado,boulder",324073
"colorado,broomfield",68232
"colorado,chaffee",19651
"colorado,cheyenne",1860
"colorado,clear creek",9582
"colorado,conejos",8153
"colorado,costilla",3772
"colorado,crowley",5798
"colorado,custer",4873
"colorado,delta",30537
"colorado,denver",705439
"colorado,dolores",2053
"colorado,douglas",335668
"colorado,eagle",54992
"colorado,el paso",25735
"colorado,elbert",700800
"colorado,fremont",47607
"colorado,garfield",59113
"colorado,gilpin",6026
"colorado,grand",15356
"colorado,gunnison",16931
"colorado,hinsdale",791
"colorado,huerfano",6645
"colorado,jackson",1379
"colorado,jefferson",575817
"colorado,kiowa",1367
"colorado,kit carson",7152
"colorado,la plata",7753
"colorado,lake",55541
"colorado,larimer",343993
"colorado,las animas",14231
"colorado,lincoln",5530
"colorado,logan",21665
"colorado,mesa",151406
"colorado,mineral",759
"colorado,moffat",13095
"colorado,montezuma",26148
"colorado,montrose",41785
"colorado,morgan",28228
"colorado,otero",18403
"colorado,ouray",4809
"colorado,park",17920
"colorado,phillips",4297
"colorado,pitkin",17952
"colorado,prowers",12071
"colorado,pueblo",166426
"colorado,rio blanco",6394
"colorado,rio grande",11306
"colorado,routt",25346
"colorado,saguache",6643
"colorado,san juan",711
"colorado,san miguel",8047
"colorado,sedgwick",2334
"colorado,summit",31004
"colorado,teller",24638
"colorado,washington",4936
"colorado,weld",305274
"colorado,yuma",10015
"connecticut,fairfield",943457
"connecticut,hartford",892931
"connecticut,litchfield",181710
"connecticut,middlesex",162855
"connecticut,new haven",857794
"connecticut,new london",267826
"connecticut,tolland",150933
"connecticut,windham",116374
"delaware,kent",176445
"delaware,new castle",556419
"delaware,sussex",224214
"district of columbia,washington",695691
"florida,alachua",266820
"florida,baker",28230
"florida,bay",184046
"florida,bradford",27133
"florida,brevard",588265
"florida,broward",1934471
"florida,calhoun",14437
"florida,charlotte",181537
"florida,citrus",145512
"florida,clay",212177
"florida,collier",372345
"florida,columbia",69825
"florida,de soto",37252
"florida,dixie",16636
"florida,duval",937642
"florida,escambia",313258
"florida,flagler",109937
"florida,franklin",11752
"florida,gadsden",45972
"florida,gilchrist",17865
"florida,glades",13608
"florida,gulf",16122
"florida,hamilton",14389
"florida,hardee",27202
"florida,hendry",41144
"florida,hernando",186784
"florida,highlands",104060
"florida,hillsborough",1410115
"florida,holmes",19448
"florida,indian river",154314
"florida,jackson",48360
"florida,jefferson",14147
"florida,lafayette",8623
"florida,lake",345087
"florida,lee",739506
"florida,leon",291247
"florida,levy",40306
"florida,liberty",8242
"florida,madison",18465
"florida,manatee",385450
"florida,marion",353717
"florida,martin",159792
"florida,miami-dade",2744878
"florida,monroe",76636
"florida,nassau",82864
"florida,okaloosa",203684
"florida,okeechobee",41188
"florida,orange",1352933
"florida,osceola",352661
"florida,palm beach",1470338
"florida,pasco",525021
"florida,pinellas",969305
"florida,polk",685830
"florida,putnam",73385
"florida,santa rosa",243928
"florida,sarasota",313400
"florida,seminole",174069
"florida,st johns",419689
"florida,st lucie",462236
"florida,sumter",124933
"florida,suwannee",44136
"florida,taylor",21815
"florida,union",15469
"florida,volusia",538180
"florida,wakulla",32101
"florida,walton",68275
"florida,washington",24618
"georgia,appling",18438
"georgia,atkinson",8215
"georgia,bacon",11236
"georgia,baker",3180
"georgia,baldwin",44921
"georgia,banks",18638
"georgia,barrow",78843
"georgia,bartow",104981
"georgia,ben hill",17001
"georgia,berrien",19113
"georgia,bibb",152892
"georgia,bleckley",12775
"georgia,brantley",18767
"georgia,brooks",15648
"georgia,bryan",37019
"georgia,bulloch",76084
"georgia,burke",22518
"georgia,butts",24042
"georgia,calhoun",6399
"georgia,camden",53067
"georgia,candler",10725
"georgia,carroll",117458
"georgia,catoosa",66503
"georgia,charlton",12822
"georgia,chatham",289260
"georgia,chattahoochee",10285
"georgia,chattooga",24716
"georgia,cherokee",247894
"georgia,clarke",126820
"georgia,clay",2962
"georgia,clayton",284534
"georgia,clinch",6684
"georgia,cobb",752783
"georgia,coffee",42885
"georgia,colquitt",45543
"georgia,columbia",151642
"georgia,cook",17230
"georgia,coweta",143050
"georgia,crawford",12295
"georgia,crisp",22723
"georgia,dade",16249
"georgia,dawson",24324
"georgia,de kalb",26674
"georgia,decatur",752088
"georgia,dodge",20741
"georgia,dooly",13690
"georgia,dougherty",89417
"georgia,douglas",143672
"georgia,early",10304
"georgia,echols",3933
"georgia,effingham",60058
"georgia,elbert",19108
"georgia,emanuel",22501
"georgia,evans",10756
"georgia,fannin",25336
"georgia,fayette",112629
"georgia,floyd",97427
"georgia,forsyth",228588
"georgia,franklin",22815
"georgia,fulton",1038884
"georgia,gilmer",30409
"georgia,glascock",3050
"georgia,glynn",84859
"georgia,gordon",57187
"georgia,grady",24749
"georgia,greene",17220
"georgia,gwinnett",918153
"georgia,habersham",44547
"georgia,hall",199439
"georgia,hancock",8545
"georgia,haralson",29231
"georgia,harris",33943
"georgia,hart",25756
"georgia,heard",11759
"georgia,henry",225508
"georgia,houston",153138
"georgia,irwin",9383
"georgia,jackson",67716
"georgia,jasper",13886
"georgia,jeff davis",15013
"georgia,jefferson",15613
"georgia,jenkins",8774
"georgia,johnson",9760
"georgia,jones",28453
"georgia,lamar",18636
"georgia,lanier",10433
"georgia,laurens",47353
"georgia,lee",29443
"georgia,liberty",61745
"georgia,lincoln",7861
"georgia,long",18773
"georgia,lowndes",115389
"georgia,lumpkin",32822
"georgia,macon",21497
"georgia,madison",14102
"georgia,marion",13251
"georgia,mcduffie",29277
"georgia,mcintosh",8414
"georgia,meriwether",21031
"georgia,miller",5833
"georgia,mitchell",22333
"georgia,monroe",27181
"georgia,montgomery",9068
"georgia,morgan",18381
"georgia,murray",39809
"georgia,muscogee",193766
"georgia,newton",107935
"georgia,oconee",38012
"georgia,oglethorpe",14888
"georgia,paulding",159552
"georgia,peach",26881
"georgia,pickens",31526
"georgia,pierce",19219
"georgia,pike",18206
"georgia,polk",41910
"georgia,pulaski",11208
"georgia,putnam",21706
"georgia,quitman",2348
"georgia,rabun",16557
"georgia,randolph",6991
"georgia,richmond",201460
"georgia,rockdale",89866
"georgia,schley",5254
"georgia,screven",13959
"georgia,seminole",8287
"georgia,spalding",65403
"georgia,stephens",25785
"georgia,stewart",6179
"georgia,sumter",29817
"georgia,talbot",6257
"georgia,taliaferro",1622
"georgia,tattnall",25353
"georgia,taylor",8114
"georgia,telfair",15890
"georgia,terrell",8717
"georgia,thomas",44662
"georgia,tift",40438
"georgia,toombs",26896
"georgia,towns",11539
"georgia,treutlen",6760
"georgia,troup",70038
"georgia,turner",7915
"georgia,twiggs",8260
"georgia,union",23427
"georgia,upson",26197
"georgia,walker",69027
"georgia,walton",91406
"georgia,ware",35728
"georgia,warren",5292
"georgia,washington",20294
"georgia,wayne",29760
"georgia,webster",2596
"georgia,wheeler",7952
"georgia,white",29455
"georgia,whitfield",104063
"georgia,wilcox",8794
"georgia,wilkes",9877
"georgia,wilkinson",8967
"georgia,worth",20536
"idaho,ada",456885
"idaho,adams",4132
"idaho,bannock",85641
"idaho,bear lake",6031
"idaho,benewah",9165
"idaho,bingham",45904
"idaho,blaine",22277
"idaho,boise",7355
"idaho,bonner",43621
"idaho,bonneville",114692
"idaho,boundary",11914
"idaho,butte",2600
"idaho,camas",1097
"idaho,canyon",216871
"idaho,caribou",7027
"idaho,cassia",23697
"idaho,clark",885
"idaho,clearwater",8654
"idaho,custer",4152
"idaho,elmore",26800
"idaho,franklin",13488
"idaho,fremont",13115
"idaho,gem",17343
"idaho,gooding",15170
"idaho,idaho",16373
"idaho,jefferson",28500
"idaho,jerome",23759
"idaho,kootenai",157485
"idaho,latah",39714
"idaho,lemhi",7861
"idaho,lewis",3902
"idaho,lincoln",5338
"idaho,madison",39373
"idaho,minidoka",20796
"idaho,nez perce",40374
"idaho,oneida",4412
"idaho,owyhee",11626
"idaho,payette",23208
"idaho,power",7648
"idaho,shoshone",12552
"idaho,teton",11435
"idaho,twin falls",85278
"idaho,valley",10693
"idaho,washington",10061
"illinois,adams",66094
"illinois,alexander",6302
"illinois,bond",16635
"illinois,boone",53512
"illinois,brown",6611
"illinois,bureau",33168
"illinois,calhoun",4841
"illinois,carroll",14481
"illinois,cass",12461
"illinois,champaign",210104
"illinois,christian",33011
"illinois,clark",15809
"illinois,clay",13272
"illinois,clinton",37607
"illinois,coles",51348
"illinois,cook",5204502
"illinois,crawford",18955
"illinois,cumberland",10864
"illinois,de kalb",104151
"illinois,de witt",15909
"illinois,douglas",19639
"illinois,du page",930662
"illinois,edgar",17411
"illinois,edwards",6471
"illinois,effingham",34147
"illinois,fayette",21535
"illinois,ford",13317
"illinois,franklin",39004
"illinois,fulton",35095
"illinois,gallatin",5069
"illinois,greene",13168
"illinois,grundy",50613
"illinois,hamilton",8195
"illinois,hancock",17973
"illinois,hardin",3935
"illinois,henderson",6819
"illinois,henry",49246
"illinois,iroquois",27830
"illinois,jackson",57958
"illinois,jasper",9540
"illinois,jefferson",38111
"illinois,jersey",21901
"illinois,jo daviess",21549
"illinois,johnson",12425
"illinois,kane",533156
"illinois,kankakee",110544
"illinois,kendall",126272
"illinois,knox",50628
"illinois,la salle",703006
"illinois,lake",109681
"illinois,lawrence",16000
"illinois,lee",34511
"illinois,livingston",36115
"illinois,logan",29015
"illinois,macon",30323
"illinois,macoupin",308013
"illinois,madison",172845
"illinois,marion",105533
"illinois,marshall",45515
"illinois,mason",265471
"illinois,massac",37821
"illinois,mcdonough",11685
"illinois,mchenry",13688
"illinois,mclean",14312
"illinois,menard",12286
"illinois,mercer",15623
"illinois,monroe",34159
"illinois,montgomery",28755
"illinois,morgan",34199
"illinois,moultrie",14703
"illinois,ogle",51032
"illinois,peoria",182578
"illinois,perry",21297
"illinois,piatt",16456
"illinois,pike",15672
"illinois,pope",4194
"illinois,pulaski",5541
"illinois,putnam",5718
"illinois,randolph",32264
"illinois,richland",15848
"illinois,rock island",144293
"illinois,saline",262426
"illinois,sangamon",24035
"illinois,schuyler",196889
"illinois,scott",6976
"illinois,shelby",4978
"illinois,st clair",21752
"illinois,stark",5457
"illinois,stephenson",44981
"illinois,tazewell",133391
"illinois,union",16985
"illinois,vermilion",77776
"illinois,wabash",11550
"illinois,warren",17170
"illinois,washington",13951
"illinois,wayne",16442
"illinois,white",13925
"illinois,whiteside",55947
"illinois,will",691017
"illinois,williamson",67107
"illinois,winnebago",284740
"illinois,woodford",38699
"indiana,adams",35422
"indiana,allen",372210
"indiana,bartholomew",82429
"indiana,benton",8617
"indiana,blackford",12027
"indiana,boone",65786
"indiana,brown",14999
"indiana,carroll",20050
"indiana,cass",37905
"indiana,clark",116672
"indiana,clay",26155
"indiana,clinton",32207
"indiana,crawford",10536
"indiana,daviess",33074
"indiana,de kalb",49629
"indiana,dearborn",26652
"indiana,decatur",42822
"indiana,delaware",115389
"indiana,dubois",42491
"indiana,elkhart",204310
"indiana,fayette",23153
"indiana,floyd",76970
"indiana,fountain",16410
"indiana,franklin",22739
"indiana,fulton",20010
"indiana,gibson",33622
"indiana,grant",66282
"indiana,greene",32180
"indiana,hamilton",323082
"indiana,hancock",74940
"indiana,harrison",39851
"indiana,hendricks",163758
"indiana,henry",48247
"indiana,howard",82311
"indiana,huntington",36239
"indiana,jackson",43987
"indiana,jasper",33459
"indiana,jay",20907
"indiana,jefferson",32047
"indiana,jennings",27638
"indiana,johnson",153922
"indiana,knox",37094
"indiana,kosciusko",79010
"indiana,la porte",39222
"indiana,lagrange",484766
"indiana,lake",109911
"indiana,lawrence",45625
"indiana,madison",129460
"indiana,marion",948952
"indiana,marshall",46460
"indiana,martin",10186
"indiana,miami",35827
"indiana,monroe",146720
"indiana,montgomery",38397
"indiana,morgan",69810
"indiana,newton",14041
"indiana,noble",47384
"indiana,ohio",5845
"indiana,orange",19404
"indiana,owen",20793
"indiana,parke",16903
"indiana,perry",18988
"indiana,pike",12332
"indiana,porter",168544
"indiana,posey",25566
"indiana,pulaski",12518
"indiana,putnam",37610
"indiana,randolph",24954
"indiana,ripley",28485
"indiana,rush",16659
"indiana,scott",269994
"indiana,shelby",23853
"indiana,spencer",44404
"indiana,st joseph",20417
"indiana,starke",22944
"indiana,steuben",34421
"indiana,sullivan",20699
"indiana,switzerland",10674
"indiana,tippecanoe",191670
"indiana,tipton",15139
"indiana,union",7162
"indiana,vanderburgh",180900
"indiana,vermillion",15487
"indiana,vigo",107681
"indiana,wabash",31410
"indiana,warren",8198
"indiana,warrick",62505
"indiana,washington",27788
"indiana,wayne",66178
"indiana,wells",28014
"indiana,white",24165
"indiana,whitley",33777
"iowa,adair",7053
"iowa,adams",3663
"iowa,allamakee",13804
"iowa,appanoose",12363
"iowa,audubon",5566
"iowa,benton",25633
"iowa,black hawk",132409
"iowa,boone",26476
"iowa,bremer",24822
"iowa,buchanan",21156
"iowa,buena vista",20102
"iowa,butler",14582
"iowa,calhoun",9749
"iowa,carroll",20273
"iowa,cass",13126
"iowa,cedar",18551
"iowa,cerro gordo",42997
"iowa,cherokee",11330
"iowa,chickasaw",12036
"iowa,clarke",9331
"iowa,clay",16153
"iowa,clayton",17650
"iowa,clinton",46902
"iowa,crawford",17119
"iowa,dallas",87215
"iowa,davis",8991
"iowa,decatur",7943
"iowa,delaware",17158
"iowa,des moines",39320
"iowa,dickinson",17173
"iowa,dubuque",97009
"iowa,emmet",9414
"iowa,fayette",19708
"iowa,floyd",15761
"iowa,franklin",10159
"iowa,fremont",6952
"iowa,greene",8969
"iowa,grundy",12322
"iowa,guthrie",10667
"iowa,hamilton",15069
"iowa,hancock",10773
"iowa,hardin",17007
"iowa,harrison",14129
"iowa,henry",20060
"iowa,howard",9219
"iowa,humboldt",9578
"iowa,ida",6856
"iowa,iowa",16118
"iowa,jackson",19368
"iowa,jasper",36985
"iowa,jefferson",18233
"iowa,johnson",149213
"iowa,jones",20684
"iowa,keokuk",10149
"iowa,kossuth",14970
"iowa,lee",34243
"iowa,linn",224277
"iowa,louisa",11203
"iowa,lucas",8550
"iowa,lyon",11797
"iowa,madison",16030
"iowa,mahaska",22197
"iowa,marion",33105
"iowa,marshall",40148
"iowa,mills",15053
"iowa,mitchell",10570
"iowa,monona",8746
"iowa,monroe",7815
"iowa,montgomery",10111
"iowa,muscatine",42892
"iowa,obrien",13812
"iowa,osceola",6039
"iowa,page",15263
"iowa,palo alto",9059
"iowa,plymouth",25091
"iowa,pocahontas",6840
"iowa,polk",481086
"iowa,pottawattamie",93510
"iowa,poweshiek",18563
"iowa,ringgold",5029
"iowa,sac",9796
"iowa,scott",172692
"iowa,shelby",11577
"iowa,sioux",34841
"iowa,story",97260
"iowa,tama",17055
"iowa,taylor",6148
"iowa,union",12481
"iowa,van buren",7164
"iowa,wapello",35107
"iowa,warren",50102
"iowa,washington",22257
"iowa,wayne",6486
"iowa,webster",36643
"iowa,winnebago",10588
"iowa,winneshiek",20131
"iowa,woodbury",102052
"iowa,worth",7461
"iowa,wright",12749
"kansas,allen",12518
"kansas,anderson",7860
"kansas,atchison",16301
"kansas,barber",4583
"kansas,barton",26432
"kansas,bourbon",14676
"kansas,brown",9612
"kansas,butler",66836
"kansas,chase",2658
"kansas,chautauqua",3328
"kansas,cherokee",20114
"kansas,cheyenne",2690
"kansas,clark",1999
"kansas,clay",8016
"kansas,cloud",8944
"kansas,coffey",8228
"kansas,comanche",1767
"kansas,cowley",35356
"kansas,crawford",39031
"kansas,decatur",2878
"kansas,dickinson",18842
"kansas,doniphan",7665
"kansas,douglas",120629
"kansas,edwards",2893
"kansas,elk",2522
"kansas,ellis",28769
"kansas,ellsworth",6307
"kansas,finney",36853
"kansas,ford",34288
"kansas,franklin",25657
"kansas,geary",33633
"kansas,gove",2630
"kansas,graham",2505
"kansas,grant",7518
"kansas,gray",5996
"kansas,greeley",1233
"kansas,greenwood",6094
"kansas,hamilton",2620
"kansas,harper",5583
"kansas,harvey",34413
"kansas,haskell",4031
"kansas,hodgeman",1849
"kansas,jackson",13321
"kansas,jefferson",18990
"kansas,jewell",2855
"kansas,johnson",591284
"kansas,kearny",3940
"kansas,kingman",7313
"kansas,kiowa",2501
"kansas,labette",20152
"kansas,lane",1546
"kansas,leavenworth",81032
"kansas,lincoln",3051
"kansas,linn",9696
"kansas,logan",2834
"kansas,lyon",33344
"kansas,marion",28673
"kansas,marshall",11972
"kansas,mcpherson",9698
"kansas,meade",4260
"kansas,miami",33413
"kansas,mitchell",6191
"kansas,montgomery",32388
"kansas,morris",5466
"kansas,morton",2744
"kansas,nemaha",10098
"kansas,neosho",16028
"kansas,ness",2878
"kansas,norton",5436
"kansas,osage",15830
"kansas,osborne",3556
"kansas,ottawa",5834
"kansas,pawnee",6670
"kansas,phillips",5400
"kansas,pottawatomie",23972
"kansas,pratt",9513
"kansas,rawlins",2485
"kansas,reno",62688
"kansas,republic",4675
"kansas,rice",9598
"kansas,riley",73982
"kansas,rooks",5067
"kansas,rush",3065
"kansas,russell",6929
"kansas,saline",54529
"kansas,scott",4943
"kansas,sedgwick",513289
"kansas,seward",22199
"kansas,shawnee",178173
"kansas,sheridan",2531
"kansas,sherman",5948
"kansas,smith",3636
"kansas,stafford",4207
"kansas,stanton",2029
"kansas,stevens",5573
"kansas,sumner",23098
"kansas,thomas",7830
"kansas,trego",2848
"kansas,wabaunsee",6839
"kansas,wallace",1526
"kansas,washington",5466
"kansas,wichita",2130
"kansas,wilson",8712
"kansas,woodson",3145
"kansas,wyandotte",165313
"kentucky,adair",19294
"kentucky,allen",20921
"kentucky,anderson",22518
"kentucky,ballard",8021
"kentucky,barren",43815
"kentucky,bath",12378
"kentucky,bell",26904
"kentucky,boone",130611
"kentucky,bourbon",20132
"kentucky,boyd",47759
"kentucky,boyle",29958
"kentucky,bracken",8277
"kentucky,breathitt",12931
"kentucky,breckinridge",20151
"kentucky,bullitt",80284
"kentucky,butler",12798
"kentucky,caldwell",12677
"kentucky,calloway",38865
"kentucky,campbell",92547
"kentucky,carlisle",4828
"kentucky,carroll",10728
"kentucky,carter",27193
"kentucky,casey",15794
"kentucky,christian",71252
"kentucky,clark",35940
"kentucky,clay",20273
"kentucky,clinton",10239
"kentucky,crittenden",9021
"kentucky,cumberland",6696
"kentucky,daviess",100546
"kentucky,edmonson",12248
"kentucky,elliott",7508
"kentucky,estill",14227
"kentucky,fayette",322193
"kentucky,fleming",14428
"kentucky,floyd",36261
"kentucky,franklin",50504
"kentucky,fulton",6204
"kentucky,gallatin",8745
"kentucky,garrard",17497
"kentucky,grant",25000
"kentucky,graves",37173
"kentucky,grayson",26264
"kentucky,green",11064
"kentucky,greenup",35491
"kentucky,hancock",8778
"kentucky,hardin",108226
"kentucky,harlan",26725
"kentucky,harrison",18730
"kentucky,hart",18762
"kentucky,henderson",45989
"kentucky,henry",15994
"kentucky,hickman",4523
"kentucky,hopkins",45369
"kentucky,jackson",13420
"kentucky,jefferson",770377
"kentucky,jessamine",53281
"kentucky,johnson",22571
"kentucky,kenton",165410
"kentucky,knott",15285
"kentucky,knox",31484
"kentucky,larue",14211
"kentucky,laurel",60299
"kentucky,lawrence",15735
"kentucky,lee",6590
"kentucky,leslie",10309
"kentucky,letcher",22328
"kentucky,lewis",13358
"kentucky,lincoln",24498
"kentucky,livingston",9264
"kentucky,logan",27014
"kentucky,lyon",8113
"kentucky,madison",65397
"kentucky,magoffin",17423
"kentucky,marion",9219
"kentucky,marshall",91226
"kentucky,martin",12539
"kentucky,mason",19316
"kentucky,mccracken",31311
"kentucky,mccreary",11495
"kentucky,mclean",17225
"kentucky,meade",28094
"kentucky,menifee",6466
"kentucky,mercer",21588
"kentucky,metcalfe",10079
"kentucky,monroe",10611
"kentucky,montgomery",27956
"kentucky,morgan",13211
"kentucky,muhlenberg",30923
"kentucky,nelson",45612
"kentucky,nicholas",7137
"kentucky,ohio",24136
"kentucky,oldham",66489
"kentucky,owen",10789
"kentucky,owsley",4416
"kentucky,pendleton",14558
"kentucky,perry",26479
"kentucky,pike",58862
"kentucky,powell",12321
"kentucky,pulaski",64357
"kentucky,robertson",2132
"kentucky,rockcastle",16757
"kentucky,rowan",24562
"kentucky,russell",17739
"kentucky,scott",54790
"kentucky,shelby",47495
"kentucky,simpson",18105
"kentucky,spencer",18471
"kentucky,taylor",25562
"kentucky,todd",12200
"kentucky,trigg",14424
"kentucky,trimble",8565
"kentucky,union",14640
"kentucky,warren",128995
"kentucky,washington",11939
"kentucky,wayne",20621
"kentucky,webster",13071
"kentucky,whitley",36129
"kentucky,wolfe",7245
"kentucky,woodford",26396
"louisiana,acadia",62514
"louisiana,allen",25631
"louisiana,ascension",123028
"louisiana,assumption",22580
"louisiana,avoyelles",40871
"louisiana,beauregard",36847
"louisiana,bienville",13639
"louisiana,bossier",127058
"louisiana,caddo",246034
"louisiana,calcasieu",202330
"louisiana,caldwell",9947
"louisiana,cameron",6926
"louisiana,catahoula",9833
"louisiana,claiborne",16002
"louisiana,concordia",19849
"louisiana,de soto",27265
"louisiana,east baton rouge",443607
"louisiana,east carroll",7133
"louisiana,east feliciana",19408
"louisiana,evangeline",33625
"louisiana,franklin",20261
"louisiana,grant",22322
"louisiana,iberia",72001
"louisiana,iberville",32920
"louisiana,jackson",15893
"louisiana,jefferson",436296
"louisiana,jefferson davis",31491
"louisiana,la salle",241534
"louisiana,lafayette",98202
"louisiana,lafourche",14929
"louisiana,lincoln",47465
"louisiana,livingston",138038
"louisiana,madison",11343
"louisiana,morehouse",25687
"louisiana,natchitoches",39038
"louisiana,orleans",391538
"louisiana,ouachita",155757
"louisiana,plaquemines",23367
"louisiana,pointe coupee",22212
"louisiana,rapides",131282
"louisiana,red river",8519
"louisiana,richland",20415
"louisiana,sabine",24009
"louisiana,st bernard",46108
"louisiana,st charles",52673
"louisiana,st helena",10385
"louisiana,st james",21324
"louisiana,st john the baptist",43339
"louisiana,st landry",83447
"louisiana,st martin",54121
"louisiana,st mary",50672
"louisiana,st tammany",255820
"louisiana,tangipahoa",132322
"louisiana,tensas",4583
"louisiana,terrebonne",111691
"louisiana,union",22454
"louisiana,vermilion",59937
"louisiana,vernon",50519
"louisiana,washington",46609
"louisiana,webster",39274
"louisiana,west baton rouge",26207
"louisiana,west carroll",10975
"louisiana,west feliciana",15377
"louisiana,winn",14335
"maine,androscoggin",107569
"maine,aroostook",67595
"maine,cumberland",292344
"maine,franklin",29852
"maine,hancock",54597
"maine,kennebec",121929
"maine,knox",39869
"maine,lincoln",34190
"maine,oxford",57430
"maine,penobscot",151190
"maine,piscataquis",16801
"maine,sagadahoc",35423
"maine,somerset",50421
"maine,waldo",39800
"maine,washington",31540
"maine,york",204513
"maryland,allegany",71386
"maryland,anne arundel",571592
"maryland,baltimore",828603
"maryland,baltimore city",91365
"maryland,calvert",33108
"maryland,caroline",167620
"maryland,carroll",102573
"maryland,cecil",159451
"maryland,charles",32145
"maryland,dorchester",250959
"maryland,frederick",29261
"maryland,garrett",251890
"maryland,harford",319374
"maryland,howard",19437
"maryland,kent",1048244
"maryland,montgomery",908801
"maryland,prince georges",49667
"maryland,queen annes",112413
"maryland,somerset",25913
"maryland,st marys",37020
"maryland,talbot",150288
"maryland,washington",102363
"maryland,wicomico",51577
"maryland,worcester",609841
"massachusetts,barnstable",213482
"massachusetts,berkshire",126485
"massachusetts,bristol",560571
"massachusetts,dukes",17321
"massachusetts,essex",785160
"massachusetts,franklin",70787
"massachusetts,hampden",468268
"massachusetts,hampshire",161238
"massachusetts,middlesex",1604994
"massachusetts,nantucket",11270
"massachusetts,norfolk",701317
"massachusetts,plymouth",514969
"massachusetts,suffolk",801455
"massachusetts,worcester",825929
"michigan,alcona",10323
"michigan,alger",9137
"michigan,allegan",116433
"michigan,alpena",28438
"michigan,antrim",23269
"michigan,arenac",15033
"michigan,baraga",8438
"michigan,barry",60629
"michigan,bay",104189
"michigan,benzie",17604
"michigan,berrien",154362
"michigan,branch",43423
"michigan,calhoun",134358
"michigan,cass",51453
"michigan,charlevoix",26219
"michigan,cheboygan",25398
"michigan,chippewa",37714
"michigan,clare",30597
"michigan,clinton",78549
"michigan,crawford",13917
"michigan,delta",35896
"michigan,dickinson",25428
"michigan,eaton",109477
"michigan,emmet",33127
"michigan,genesee",407673
"michigan,gladwin",25237
"michigan,gogebic",15338
"michigan,grand traverse",91796
"michigan,gratiot",41011
"michigan,hillsdale",45843
"michigan,houghton",36397
"michigan,huron",31271
"michigan,ingham",292327
"michigan,ionia",64229
"michigan,iosco",25122
"michigan,iron",11119
"michigan,isabella",71125
"michigan,jackson",158690
"michigan,kalamazoo",263001
"michigan,kalkaska",17595
"michigan,kent",649231
"michigan,keweenaw",2102
"michigan,lake",11984
"michigan,lapeer",88183
"michigan,leelanau",21676
"michigan,lenawee",98482
"michigan,livingston",189886
"michigan,luce",6358
"michigan,mackinac",10756
"michigan,macomb",871976
"michigan,manistee",24421
"michigan,marquette",66565
"michigan,mason",29023
"michigan,mecosta",43358
"michigan,menominee",23007
"michigan,midland",83245
"michigan,missaukee",15031
"michigan,monroe",149592
"michigan,montcalm",63544
"michigan,montmorency",9229
"michigan,muskegon",173656
"michigan,newaygo",48325
"michigan,oakland",1256182
"michigan,oceana",26458
"michigan,ogemaw",20944
"michigan,ontonagon",5875
"michigan,osceola",23254
"michigan,oscoda",8263
"michigan,otsego",24569
"michigan,ottawa",286922
"michigan,presque isle",12770
"michigan,roscommon",23775
"michigan,saginaw",191996
"michigan,sanilac",159213
"michigan,schoolcraft",60819
"michigan,shiawassee",41219
"michigan,st clair",8046
"michigan,st joseph",68459
"michigan,tuscola",52794
"michigan,van buren",75346
"michigan,washtenaw",369208
"michigan,wayne",1756264
"michigan,wexford",33256
"minnesota,aitkin",15809
"minnesota,anoka",350521
"minnesota,becker",34075
"minnesota,beltrami",46484
"minnesota,benton",40127
"minnesota,big stone",5011
"minnesota,blue earth",66887
"minnesota,brown",25172
"minnesota,carlton",35534
"minnesota,carver",102150
"minnesota,cass",29336
"minnesota,chippewa",11958
"minnesota,chisago",55214
"minnesota,clay",63682
"minnesota,clearwater",8837
"minnesota,cook",5384
"minnesota,cottonwood",11277
"minnesota,crow wing",64315
"minnesota,dakota",421821
"minnesota,dodge",20737
"minnesota,douglas",37556
"minnesota,faribault",13764
"minnesota,fillmore",20982
"minnesota,freeborn",30537
"minnesota,goodhue",46334
"minnesota,grant",5938
"minnesota,hennepin",1248246
"minnesota,houston",18662
"minnesota,hubbard",21001
"minnesota,isanti",39583
"minnesota,itasca",45161
"minnesota,jackson",9988
"minnesota,kanabec",16054
"minnesota,kandiyohi",42715
"minnesota,kittson",4259
"minnesota,koochiching",12526
"minnesota,lac qui parle",6695
"minnesota,lake",10516
"minnesota,lake of the woods",3736
"minnesota,le sueur",28151
"minnesota,lincoln",5682
"minnesota,lyon",25953
"minnesota,mahnomen",35883
"minnesota,marshall",5579
"minnesota,martin",9369
"minnesota,mcleod",19858
"minnesota,meeker",23041
"minnesota,mille lacs",25877
"minnesota,morrison",33100
"minnesota,mower",39699
"minnesota,murray",8353
"minnesota,nicollet",34058
"minnesota,nobles",21810
"minnesota,norman",6585
"minnesota,olmsted",154519
"minnesota,otter tail",58251
"minnesota,pennington",14191
"minnesota,pine",29184
"minnesota,pipestone",9096
"minnesota,polk",31705
"minnesota,pope",10985
"minnesota,ramsey",545518
"minnesota,red lake",4022
"minnesota,redwood",15243
"minnesota,renville",14667
"minnesota,rice",66173
"minnesota,rock",9453
"minnesota,roseau",15311
"minnesota,scott",199798
"minnesota,sherburne",145595
"minnesota,sibley",94547
"minnesota,st louis",14904
"minnesota,stearns",157979
"minnesota,steele",36824
"minnesota,stevens",9672
"minnesota,swift",9396
"minnesota,todd",24532
"minnesota,traverse",3307
"minnesota,wabasha",21590
"minnesota,wadena",13646
"minnesota,waseca",18726
"minnesota,washington",255697
"minnesota,watonwan",10916
"minnesota,wilkin",6322
"minnesota,winona",50704
"minnesota,wright",134255
"minnesota,yellow medicine",9845
"mississippi,adams",31337
"mississippi,alcorn",37203
"mississippi,amite",12444
"mississippi,attala",18482
"mississippi,benton",8286
"mississippi,bolivar",31895
"mississippi,calhoun",14525
"mississippi,carroll",10117
"mississippi,chickasaw",17189
"mississippi,choctaw",8272
"mississippi,claiborne",9053
"mississippi,clarke",15823
"mississippi,clay",19658
"mississippi,coahoma",23185
"mississippi,copiah",28548
"mississippi,covington",19045
"mississippi,de soto",178914
"mississippi,forrest",75263
"mississippi,franklin",7779
"mississippi,george",23973
"mississippi,greene",13538
"mississippi,grenada",21056
"mississippi,hancock",47020
"mississippi,harrison",204933
"mississippi,hinds",240033
"mississippi,holmes",17849
"mississippi,humphreys",8349
"mississippi,issaquena",1341
"mississippi,itawamba",23512
"mississippi,jackson",142369
"mississippi,jasper",16556
"mississippi,jefferson",7233
"mississippi,jefferson davis",11321
"mississippi,jones",68312
"mississippi,kemper",10119
"mississippi,lafayette",54237
"mississippi,lamar",61426
"mississippi,lauderdale",76330
"mississippi,lawrence",12631
"mississippi,leake",22832
"mississippi,lee",85034
"mississippi,leflore",29324
"mississippi,lincoln",34320
"mississippi,lowndes",59189
"mississippi,madison",104632
"mississippi,marion",25103
"mississippi,marshall",35635
"mississippi,monroe",35852
"mississippi,montgomery",10175
"mississippi,neshoba",29393
"mississippi,newton",21424
"mississippi,noxubee",10732
"mississippi,oktibbeha",49675
"mississippi,panola",34141
"mississippi,pearl river",55239
"mississippi,perry",12030
"mississippi,pike",39602
"mississippi,pontotoc",31640
"mississippi,prentiss",25241
"mississippi,quitman",7236
"mississippi,rankin",152919
"mississippi,scott",28429
"mississippi,sharkey",4423
"mississippi,simpson",26942
"mississippi,smith",16081
"mississippi,stone",18624
"mississippi,sunflower",26146
"mississippi,tallahatchie",14145
"mississippi,tate",28660
"mississippi,tippah",21942
"mississippi,tishomingo",19577
"mississippi,tunica",10002
"mississippi,union",28466
"mississippi,walthall",14523
"mississippi,warren",46752
"mississippi,washington",46202
"mississippi,wayne",20416
"mississippi,webster",9757
"mississippi,wilkinson",8858
"mississippi,winston",18242
"mississippi,yalobusha",12474
"mississippi,yazoo",28478
"missouri,adair",25306
"missouri,andrew",17449
"missouri,atchison",5248
"missouri,audrain",25600
"missouri,barry",35686
"missouri,barton",11809
"missouri,bates",16310
"missouri,benton",19068
"missouri,bollinger",12286
"missouri,boone",178523
"missouri,buchanan",88894
"missouri,butler",42609
"missouri,caldwell",9072
"missouri,callaway",44944
"missouri,camden",45449
"missouri,cape girardeau",78285
"missouri,carroll",8794
"missouri,carter",6167
"missouri,cass",103610
"missouri,cedar",14081
"missouri,chariton",7478
"missouri,christian",85346
"missouri,clark",6727
"missouri,clay",242593
"missouri,clinton",20553
"missouri,cole",76669
"missouri,cooper",17643
"missouri,crawford",24095
"missouri,dade",7601
"missouri,dallas",16686
"missouri,daviess",8359
"missouri,de kalb",12590
"missouri,dent",15440
"missouri,douglas",13272
"missouri,dunklin",30086
"missouri,franklin",103288
"missouri,gasconade",14718
"missouri,gentry",6655
"missouri,greene",289819
"missouri,grundy",9970
"missouri,harrison",8528
"missouri,henry",21700
"missouri,hickory",9421
"missouri,holt",4409
"missouri,howard",10122
"missouri,howell",40084
"missouri,iron",10205
"missouri,jackson",697720
"missouri,jasper",120082
"missouri,jefferson",223749
"missouri,johnson",53759
"missouri,knox",3975
"missouri,laclede",35455
"missouri,lafayette",32605
"missouri,lawrence",38283
"missouri,lewis",9964
"missouri,lincoln",56134
"missouri,linn",12172
"missouri,livingston",15163
"missouri,macon",22779
"missouri,madison",15241
"missouri,maries",12238
"missouri,marion",8823
"missouri,mcdonald",28613
"missouri,mercer",3677
"missouri,miller",25206
"missouri,mississippi",13580
"missouri,moniteau",16022
"missouri,monroe",8610
"missouri,montgomery",11428
"missouri,morgan",20118
"missouri,new madrid",17565
"missouri,newton",58248
"missouri,nodaway",22408
"missouri,oregon",10547
"missouri,osage",13663
"missouri,ozark",9203
"missouri,pemiscot",16817
"missouri,perry",19194
"missouri,pettis",42504
"missouri,phelps",44686
"missouri,pike",18546
"missouri,platte",101219
"missouri,polk",31766
"missouri,pulaski",51846
"missouri,putnam",4796
"missouri,ralls",10222
"missouri,randolph",24932
"missouri,ray",22839
"missouri,reynolds",6268
"missouri,ripley",13569
"missouri,saline",395245
"missouri,schuyler",9385
"missouri,scotland",17813
"missouri,scott",66653
"missouri,shannon",996648
"missouri,shelby",22924
"missouri,st charles",4514
"missouri,st clair",4963
"missouri,st francois",38566
"missouri,st louis",8239
"missouri,st louis city",6017
"missouri,ste genevieve",29346
"missouri,stoddard",31658
"missouri,stone",6199
"missouri,sullivan",55125
"missouri,taney",25685
"missouri,texas",20536
"missouri,vernon",34365
"missouri,warren",25008
"missouri,washington",13305
"missouri,wayne",38683
"missouri,webster",2049
"missouri,worth",18339
"missouri,wright",307866
"montana,beaverhead",9453
"montana,big horn",13444
"montana,blaine",6744
"montana,broadwater",5933
"montana,carbon",10691
"montana,carter",1223
"montana,cascade",81604
"montana,chouteau",5752
"montana,custer",11725
"montana,daniels",1739
"montana,dawson",8945
"montana,deer lodge",9093
"montana,fallon",3008
"montana,fergus",11283
"montana,flathead",100092
"montana,gallatin",108656
"montana,garfield",1288
"montana,glacier",13675
"montana,golden valley",820
"montana,granite",3358
"montana,hill",16463
"montana,jefferson",11937
"montana,judith basin",1949
"montana,lake",30244
"montana,lewis and clark",67849
"montana,liberty",2416
"montana,lincoln",19508
"montana,madison",1705
"montana,mccone",8388
"montana,meagher",1856
"montana,mineral",4245
"montana,missoula",117863
"montana,musselshell",4645
"montana,park",16438
"montana,petroleum",511
"montana,phillips",4118
"montana,pondera",5980
"montana,powder river",1744
"montana,powell",6808
"montana,prairie",1112
"montana,ravalli",42548
"montana,richland",11041
"montana,roosevelt",11160
"montana,rosebud",9259
"montana,sanders",11692
"montana,sheridan",3501
"montana,silver bow",34915
"montana,stillwater",9452
"montana,sweet grass",3683
"montana,teton",6114
"montana,toole",4881
"montana,treasure",676
"montana,valley",7433
"montana,wheatland",2184
"montana,wibaux",1017
"montana,yellowstone",159229
"montana,yellowstone national",0
"nebraska,adams",31774
"nebraska,antelope",6348
"nebraska,arthur",455
"nebraska,banner",734
"nebraska,blaine",478
"nebraska,boone",5329
"nebraska,box butte",10860
"nebraska,boyd",1962
"nebraska,brown",3007
"nebraska,buffalo",49502
"nebraska,burt",6537
"nebraska,butler",8040
"nebraska,cass",25904
"nebraska,cedar",8515
"nebraska,chase",3944
"nebraska,cherry",5807
"nebraska,cheyenne",9657
"nebraska,clay",6204
"nebraska,colfax",10775
"nebraska,cuming",8964
"nebraska,custer",10880
"nebraska,dakota",20068
"nebraska,dawes",8885
"nebraska,dawson",23643
"nebraska,deuel",1868
"nebraska,dixon",5760
"nebraska,dodge",36794
"nebraska,douglas",560573
"nebraska,dundy",1793
"nebraska,fillmore",5564
"nebraska,franklin",2988
"nebraska,frontier",2626
"nebraska,furnas",4768
"nebraska,gage",21615
"nebraska,garden",1897
"nebraska,garfield",1999
"nebraska,gosper",2027
"nebraska,grant",649
"nebraska,greeley",2377
"nebraska,hall",61377
"nebraska,hamilton",9210
"nebraska,harlan",3428
"nebraska,hayes",893
"nebraska,hitchcock",2815
"nebraska,holt",10186
"nebraska,hooker",668
"nebraska,howard",6414
"nebraska,jefferson",7164
"nebraska,johnson",5176
"nebraska,kearney",6513
"nebraska,keith",8078
"nebraska,keya paha",793
"nebraska,kimball",3601
"nebraska,knox",8458
"nebraska,lancaster",313977
"nebraska,lincoln",35314
"nebraska,logan",762
"nebraska,loup",605
"nebraska,madison",494
"nebraska,mcpherson",35272
"nebraska,merrick",7861
"nebraska,morrill",4808
"nebraska,nance",3576
"nebraska,nemaha",6961
"nebraska,nuckolls",4260
"nebraska,otoe",15932
"nebraska,pawnee",2633
"nebraska,perkins",2894
"nebraska,phelps",9042
"nebraska,pierce",7108
"nebraska,platte",33282
"nebraska,polk",5344
"nebraska,red willow",10750
"nebraska,richardson",7981
"nebraska,rock",1422
"nebraska,saline",14357
"nebraska,sarpy",181678
"nebraska,saunders",21019
"nebraska,scotts bluff",36213
"nebraska,seward",17202
"nebraska,sheridan",5278
"nebraska,sherman",3090
"nebraska,sioux",1201
"nebraska,stanton",5977
"nebraska,thayer",5036
"nebraska,thomas",730
"nebraska,thurston",7225
"nebraska,valley",4230
"nebraska,washington",20351
"nebraska,wayne",9260
"nebraska,webster",3520
"nebraska,wheeler",816
"nebraska,york",13770
"nevada,carson city",23989
"nevada,churchill",2183310
"nevada,clark",48018
"nevada,douglas",52371
"nevada,elko",843
"nevada,esmeralda",1950
"nevada,eureka",16702
"nevada,humboldt",5604
"nevada,lander",5182
"nevada,lincoln",53915
"nevada,lyon",4454
"nevada,mineral",44051
"nevada,nye",6473
"nevada,pershing",4003
"nevada,storey",457333
"nevada,washoe",9599
"nevada,white pine",54608
"new hampshire,belknap",60845
"new hampshire,carroll",48109
"new hampshire,cheshire",76185
"new hampshire,coos",31584
"new hampshire,grafton",89947
"new hampshire,hillsborough",413157
"new hampshire,merrimack",150169
"new hampshire,rockingham",307281
"new hampshire,strafford",129421
"new hampshire,sullivan",43069
"new jersey,atlantic",266328
"new jersey,bergen",933569
"new jersey,burlington",445196
"new jersey,camden",506343
"new jersey,cape may",93184
"new jersey,cumberland",151748
"new jersey,essex",795908
"new jersey,gloucester",290850
"new jersey,hudson",672922
"new jersey,hunterdon",124628
"new jersey,mercer",368602
"new jersey,middlesex",827684
"new jersey,monmouth",622327
"new jersey,morris",494225
"new jersey,ocean",595470
"new jersey,passaic",503694
"new jersey,salem",62838
"new jersey,somerset",330700
"new jersey,sussex",141185
"new jersey,union",555273
"new jersey,warren",105869
"new mexico,bernalillo",678686
"new mexico,catron",3567
"new mexico,chaves",65153
"new mexico,cibola",26895
"new mexico,colfax",12206
"new mexico,curry",49842
"new mexico,de baca",1813
"new mexico,dona ana",216186
"new mexico,eddy",57205
"new mexico,grant",27692
"new mexico,guadalupe",4409
"new mexico,harding",687
"new mexico,hidalgo",4305
"new mexico,lea",69057
"new mexico,lincoln",19483
"new mexico,los alamos",18804
"new mexico,luna",24148
"new mexico,mckinley",72574
"new mexico,mora",4542
"new mexico,otero",66198
"new mexico,quay",8310
"new mexico,rio arriba",39191
"new mexico,roosevelt",18905
"new mexico,san juan",142624
"new mexico,san miguel",126902
"new mexico,sandoval",27782
"new mexico,santa fe",149617
"new mexico,sierra",11090
"new mexico,socorro",16885
"new mexico,taos",32862
"new mexico,torrance",15593
"new mexico,union",4188
"new mexico,valencia",75994
"new york,albany",307717
"new york,allegany",46688
"new york,bronx",1439725
"new york,broome",192959
"new york,cattaraugus",77245
"new york,cayuga",77463
"new york,chautauqua",128609
"new york,chemung",84874
"new york,chenango",47790
"new york,clinton",80567
"new york,columbia",60408
"new york,cortland",47836
"new york,delaware",45020
"new york,dutchess",293450
"new york,erie",918794
"new york,essex",37511
"new york,franklin",50444
"new york,fulton",53777
"new york,genesee",57816
"new york,greene",47474
"new york,hamilton",4481
"new york,herkimer",62209
"new york,jefferson",113063
"new york,kings",2596385
"new york,lewis",26576
"new york,livingston",63461
"new york,madison",70831
"new york,monroe",742436
"new york,montgomery",49216
"new york,nassau",1357664
"new york,new york",1629780
"new york,niagara",210866
"new york,oneida",230127
"new york,onondaga",461791
"new york,ontario",109609
"new york,orange",379803
"new york,orleans",40759
"new york,oswego",118426
"new york,otsego",59903
"new york,putnam",98966
"new york,queens",2296865
"new york,rensselaer",159261
"new york,richmond",475516
"new york,rockland",324839
"new york,saratoga",108562
"new york,schenectady",229102
"new york,schoharie",154814
"new york,schuyler",31236
"new york,seneca",17925
"new york,st lawrence",34327
"new york,steuben",96249
"new york,suffolk",1483571
"new york,sullivan",75079
"new york,tioga",48650
"new york,tompkins",102678
"new york,ulster",178723
"new york,warren",64428
"new york,washington",61489
"new york,wayne",90372
"new york,westchester",969279
"new york,wyoming",40283
"new york,yates",24952
"north carolina,alamance",163529
"north carolina,alexander",37146
"north carolina,alleghany",11023
"north carolina,anson",24878
"north carolina,ashe",26803
"north carolina,avery",17505
"north carolina,beaufort",47051
"north carolina,bertie",19274
"north carolina,bladen",33468
"north carolina,brunswick",130735
"north carolina,buncombe",257185
"north carolina,burke",90127
"north carolina,cabarrus",206724
"north carolina,caldwell",81920
"north carolina,camden",10561
"north carolina,carteret",68919
"north carolina,caswell",22632
"north carolina,catawba",157811
"north carolina,chatham",71248
"north carolina,cherokee",27980
"north carolina,chowan",14040
"north carolina,clay",11001
"north carolina,cleveland",97228
"north carolina,columbus",55987
"north carolina,craven",102754
"north carolina,cumberland",331239
"north carolina,currituck",26323
"north carolina,dare",36115
"north carolina,davidson",165313
"north carolina,davie",42369
"north carolina,duplin",58862
"north carolina,durham",311888
"north carolina,edgecombe",52757
"north carolina,forsyth",375724
"north carolina,franklin",66033
"north carolina,gaston",219819
"north carolina,gates",11515
"north carolina,graham",8534
"north carolina,granville",59374
"north carolina,greene",20980
"north carolina,guilford",529496
"north carolina,halifax",51282
"north carolina,harnett",132229
"north carolina,haywood",61036
"north carolina,henderson",115457
"north carolina,hertford",23926
"north carolina,hoke",54141
"north carolina,hyde",5267
"north carolina,iredell",175628
"north carolina,jackson",43192
"north carolina,johnston",196423
"north carolina,jones",9602
"north carolina,lee",60567
"north carolina,lenoir",56641
"north carolina,lincoln",82365
"north carolina,macon",45164
"north carolina,madison",34624
"north carolina,martin",21577
"north carolina,mcdowell",22776
"north carolina,mecklenburg",1077311
"north carolina,mitchell",14979
"north carolina,montgomery",27347
"north carolina,moore",97232
"north carolina,nash",94012
"north carolina,new hanover",228657
"north carolina,northampton",19913
"north carolina,onslow",194838
"north carolina,orange",143960
"north carolina,pamlico",12654
"north carolina,pasquotank",39476
"north carolina,pender",60768
"north carolina,perquimans",13460
"north carolina,person",39395
"north carolina,pitt",178617
"north carolina,polk",20518
"north carolina,randolph",143149
"north carolina,richmond",44825
"north carolina,robeson",132590
"north carolina,rockingham",90841
"north carolina,rowan",140537
"north carolina,rutherford",66568
"north carolina,sampson",63433
"north carolina,scotland",35172
"north carolina,stanly",61451
"north carolina,stokes",45697
"north carolina,surry",72118
"north carolina,swain",14266
"north carolina,transylvania",33825
"north carolina,tyrrell",4183
"north carolina,union",231424
"north carolina,vance",44312
"north carolina,wake",1071886
"north carolina,warren",19869
"north carolina,washington",12019
"north carolina,watauga",55088
"north carolina,wayne",123257
"north carolina,wilkes",68464
"north carolina,wilson",81567
"north carolina,yadkin",37643
"north carolina,yancey",17712
"north dakota,adams",2330
"north dakota,barnes",10676
"north dakota,benson",6935
"north dakota,billings",920
"north dakota,bottineau",6536
"north dakota,bowman",3156
"north dakota,burke",2134
"north dakota,burleigh",95158
"north dakota,cass",177937
"north dakota,cavalier",3795
"north dakota,dickey",4841
"north dakota,divide",2291
"north dakota,dunn",4277
"north dakota,eddy",2328
"north dakota,emmons",3312
"north dakota,foster",3258
"north dakota,golden valley",1785
"north dakota,grand forks",70572
"north dakota,grant",2376
"north dakota,griggs",2262
"north dakota,hettinger",2485
"north dakota,kidder",2480
"north dakota,la moure",4096
"north dakota,logan",1929
"north dakota,mchenry",5898
"north dakota,mcintosh",2615
"north dakota,mckenzie",12727
"north dakota,mclean",9650
"north dakota,mercer",8466
"north dakota,morton",30906
"north dakota,mountrail",10273
"north dakota,nelson",2909
"north dakota,oliver",1937
"north dakota,pembina",6978
"north dakota,pierce",4113
"north dakota,ramsey",11525
"north dakota,ransom",5300
"north dakota,renville",2459
"north dakota,richland",16277
"north dakota,rolette",14584
"north dakota,sargent",3871
"north dakota,sheridan",1356
"north dakota,sioux",4417
"north dakota,slope",768
"north dakota,stark",30317
"north dakota,steele",1909
"north dakota,stutsman",21160
"north dakota,towner",2258
"north dakota,traill",8018
"north dakota,walsh",10795
"north dakota,ward",68394
"north dakota,wells",4032
"north dakota,williams",33395
"ohio,adams",27805
"ohio,allen",103069
"ohio,ashland",53685
"ohio,ashtabula",97692
"ohio,athens",66664
"ohio,auglaize",45791
"ohio,belmont",67956
"ohio,brown",43530
"ohio,butler",380843
"ohio,carroll",27341
"ohio,champaign",38824
"ohio,clark",134649
"ohio,clermont",204171
"ohio,clinton",41966
"ohio,columbiana",103149
"ohio,coshocton",36516
"ohio,crawford",41741
"ohio,cuyahoga",1248371
"ohio,darke",51577
"ohio,defiance",38224
"ohio,delaware",200542
"ohio,erie",74857
"ohio,fairfield",154557
"ohio,fayette",28655
"ohio,franklin",1295706
"ohio,fulton",42265
"ohio,gallia",30143
"ohio,geauga",93946
"ohio,greene",166779
"ohio,guernsey",39071
"ohio,hamilton",814671
"ohio,hancock",75869
"ohio,hardin",31406
"ohio,harrison",15210
"ohio,henry",27163
"ohio,highland",42933
"ohio,hocking",28457
"ohio,holmes",43887
"ohio,huron",58462
"ohio,jackson",32385
"ohio,jefferson",66366
"ohio,knox",61303
"ohio,lake",230370
"ohio,lawrence",60111
"ohio,licking",173670
"ohio,logan",45282
"ohio,lorain",307622
"ohio,lucas",431033
"ohio,madison",44047
"ohio,mahoning",230010
"ohio,marion",64941
"ohio,medina",178240
"ohio,meigs",23081
"ohio,mercer",40910
"ohio,miami",105265
"ohio,monroe",13950
"ohio,montgomery",531669
"ohio,morgan",14683
"ohio,morrow",34943
"ohio,muskingum",86148
"ohio,noble",14411
"ohio,ottawa",40632
"ohio,paulding",18838
"ohio,perry",35994
"ohio,pickaway",57762
"ohio,pike",28227
"ohio,portage",162625
"ohio,preble",41114
"ohio,putnam",33854
"ohio,richland",120543
"ohio,ross",77320
"ohio,sandusky",59112
"ohio,scioto",75898
"ohio,seneca",55281
"ohio,shelby",48703
"ohio,stark",372077
"ohio,summit",541742
"ohio,trumbull",200314
"ohio,tuscarawas",92411
"ohio,union",56797
"ohio,van wert",28291
"ohio,vinton",13101
"ohio,warren",228859
"ohio,washington",60462
"ohio,wayne",116247
"ohio,williams",36746
"ohio,wood",130532
"ohio,wyandot",22064
"oklahoma,adair",21981
"oklahoma,alfalfa",5900
"oklahoma,atoka",13838
"oklahoma,beaver",5361
"oklahoma,beckham",21804
"oklahoma,blaine",9510
"oklahoma,bryan",46460
"oklahoma,caddo",29270
"oklahoma,canadian",140053
"oklahoma,carter",48295
"oklahoma,cherokee",48925
"oklahoma,choctaw",14815
"oklahoma,cimarron",2149
"oklahoma,cleveland",279928
"oklahoma,coal",5631
"oklahoma,comanche",121746
"oklahoma,cotton",5843
"oklahoma,craig",14355
"oklahoma,creek",71774
"oklahoma,custer",28942
"oklahoma,delaware",42582
"oklahoma,dewey",4887
"oklahoma,ellis",3975
"oklahoma,garfield",61492
"oklahoma,garvin",27870
"oklahoma,grady",54887
"oklahoma,grant",4380
"oklahoma,greer",5797
"oklahoma,harmon",2697
"oklahoma,harper",3858
"oklahoma,haskell",12729
"oklahoma,hughes",13292
"oklahoma,jackson",25213
"oklahoma,jefferson",6175
"oklahoma,johnston",11097
"oklahoma,kay",44522
"oklahoma,kingfisher",15663
"oklahoma,kiowa",8862
"oklahoma,latimer",10350
"oklahoma,le flore",49874
"oklahoma,lincoln",35017
"oklahoma,logan",46833
"oklahoma,love",10052
"oklahoma,major",39334
"oklahoma,marshall",32877
"oklahoma,mayes",19735
"oklahoma,mcclain",7674
"oklahoma,mccurtain",16413
"oklahoma,mcintosh",40969
"oklahoma,murray",13899
"oklahoma,muskogee",68959
"oklahoma,noble",11306
"oklahoma,nowata",10297
"oklahoma,okfuskee",12098
"oklahoma,oklahoma",787197
"oklahoma,okmulgee",38848
"oklahoma,osage",47328
"oklahoma,ottawa",31325
"oklahoma,pawnee",16451
"oklahoma,payne",81867
"oklahoma,pittsburg",44145
"oklahoma,pontotoc",38354
"oklahoma,pottawatomie",72248
"oklahoma,pushmataha",11117
"oklahoma,roger mills",3671
"oklahoma,rogers",91479
"oklahoma,seminole",24880
"oklahoma,sequoyah",41334
"oklahoma,stephens",43411
"oklahoma,texas",20856
"oklahoma,tillman",7425
"oklahoma,tulsa",646727
"oklahoma,wagoner",79003
"oklahoma,washington",52016
"oklahoma,washita",11152
"oklahoma,woods",9064
"oklahoma,woodward",20497
"oregon,baker",16079
"oregon,benton",91567
"oregon,clackamas",412821
"oregon,clatsop",39119
"oregon,columbia",51795
"oregon,coos",63781
"oregon,crook",23091
"oregon,curry",22676
"oregon,deschutes",186807
"oregon,douglas",109284
"oregon,gilliam",1865
"oregon,grant",7170
"oregon,harney",7286
"oregon,hood river",23476
"oregon,jackson",216761
"oregon,jefferson",23700
"oregon,josephine",86653
"oregon,klamath",66789
"oregon,lake",7890
"oregon,lane",375617
"oregon,lincoln",48820
"oregon,linn",124977
"oregon,malheur",30460
"oregon,marion",341217
"oregon,morrow",11215
"oregon,multnomah",808781
"oregon,polk",83751
"oregon,sherman",1741
"oregon,tillamook",26574
"oregon,umatilla",77096
"oregon,union",26286
"oregon,wallowa",7035
"oregon,wasco",26321
"oregon,washington",591164
"oregon,wheeler",1355
"oregon,yamhill",105572
"pennsylvania,adams",102367
"pennsylvania,allegheny",1220656
"pennsylvania,armstrong",65876
"pennsylvania,beaver",165703
"pennsylvania,bedford",48438
"pennsylvania,berks",417524
"pennsylvania,blair",123175
"pennsylvania,bradford",60988
"pennsylvania,bucks",627028
"pennsylvania,butler",187004
"pennsylvania,cambria",133054
"pennsylvania,cameron",4621
"pennsylvania,carbon",63865
"pennsylvania,centre",162250
"pennsylvania,chester",518934
"pennsylvania,clarion",38975
"pennsylvania,clearfield",79775
"pennsylvania,clinton",38837
"pennsylvania,columbia",65649
"pennsylvania,crawford",85788
"pennsylvania,cumberland",249238
"pennsylvania,dauphin",275831
"pennsylvania,delaware",563487
"pennsylvania,elk",30290
"pennsylvania,erie",273892
"pennsylvania,fayette",131427
"pennsylvania,forest",7311
"pennsylvania,franklin",154487
"pennsylvania,fulton",14475
"pennsylvania,greene",36849
"pennsylvania,huntingdon",45374
"pennsylvania,indiana",84879
"pennsylvania,jefferson",43828
"pennsylvania,juniata",24628
"pennsylvania,lackawanna",210640
"pennsylvania,lancaster",541054
"pennsylvania,lawrence",86652
"pennsylvania,lebanon",139566
"pennsylvania,lehigh",365371
"pennsylvania,luzerne",317624
"pennsylvania,lycoming",113930
"pennsylvania,mckean",41329
"pennsylvania,mercer",111551
"pennsylvania,mifflin",46334
"pennsylvania,monroe",168089
"pennsylvania,montgomery",824562
"pennsylvania,montour",18275
"pennsylvania,northampton",302976
"pennsylvania,northumberland",91767
"pennsylvania,perry",46032
"pennsylvania,philadelphia",1580221
"pennsylvania,pike",55523
"pennsylvania,potter",16835
"pennsylvania,schuylkill",142666
"pennsylvania,snyder",40585
"pennsylvania,somerset",74356
"pennsylvania,sullivan",6139
"pennsylvania,susquehanna",40975
"pennsylvania,tioga",40701
"pennsylvania,union",44756
"pennsylvania,venango",51823
"pennsylvania,warren",39677
"pennsylvania,washington",207296
"pennsylvania,wayne",51215
"pennsylvania,westmoreland",352321
"pennsylvania,wyoming",27381
"pennsylvania,york",445722
"rhode island,bristol",48800
"rhode island,kent",163541
"rhode island,newport",83018
"rhode island,providence",634758
"rhode island,washington",126369
"south carolina,abbeville",24560
"south carolina,aiken",168256
"south carolina,allendale",9001
"south carolina,anderson",198268
"south carolina,bamberg",14397
"south carolina,barnwell",21356
"south carolina,beaufort",186492
"south carolina,berkeley",214470
"south carolina,calhoun",14693
"south carolina,charleston",401738
"south carolina,cherokee",56925
"south carolina,chester",32285
"south carolina,chesterfield",45920
"south carolina,clarendon",34000
"south carolina,colleton",37594
"south carolina,darlington",67033
"south carolina,dillon",30551
"south carolina,dorchester",158881
"south carolina,edgefield",26772
"south carolina,fairfield",22612
"south carolina,florence",138513
"south carolina,georgetown",61841
"south carolina,greenville",506552
"south carolina,greenwood",70587
"south carolina,hampton",19501
"south carolina,horry",332651
"south carolina,jasper",28398
"south carolina,kershaw",65092
"south carolina,lancaster",92624
"south carolina,laurens",66915
"south carolina,lee",17267
"south carolina,lexington",290818
"south carolina,marion",9567
"south carolina,marlboro",31292
"south carolina,mccormick",26702
"south carolina,newberry",38428
"south carolina,oconee",77437
"south carolina,orangeburg",87673
"south carolina,pickens",123687
"south carolina,richland",411471
"south carolina,saluda",20424
"south carolina,spartanburg",306632
"south carolina,sumter",106514
"south carolina,union",27498
"south carolina,williamsburg",31185
"south carolina,york",266146
"south dakota,aurora",2757
"south dakota,beadle",18602
"south dakota,bennett",3441
"south dakota,bon homme",6984
"south dakota,brookings",34668
"south dakota,brown",39313
"south dakota,brule",5321
"south dakota,buffalo",2015
"south dakota,butte",10102
"south dakota,campbell",1374
"south dakota,charles mix",9425
"south dakota,clark",3686
"south dakota,clay",14021
"south dakota,codington",28083
"south dakota,corson",4207
"south dakota,custer",8666
"south dakota,davison",19848
"south dakota,day",5515
"south dakota,deuel",4293
"south dakota,dewey",5857
"south dakota,douglas",2925
"south dakota,edmunds",3922
"south dakota,fall river",6695
"south dakota,faulk",2330
"south dakota,grant",7187
"south dakota,gregory",4218
"south dakota,haakon",1928
"south dakota,hamlin",6026
"south dakota,hand",3281
"south dakota,hanson",3411
"south dakota,harding",1241
"south dakota,hughes",17670
"south dakota,hutchinson",7376
"south dakota,hyde",1303
"south dakota,jackson",3301
"south dakota,jerauld",2033
"south dakota,jones",926
"south dakota,kingsbury",4937
"south dakota,lake",12792
"south dakota,lawrence",25606
"south dakota,lincoln",56668
"south dakota,lyman",3883
"south dakota,marshall",5511
"south dakota,mccook",2408
"south dakota,mcpherson",4998
"south dakota,meade",27982
"south dakota,mellette",2067
"south dakota,miner",2214
"south dakota,minnehaha",190028
"south dakota,moody",6540
"south dakota,pennington",14364
"south dakota,perkins",110221
"south dakota,potter",2953
"south dakota,roberts",2212
"south dakota,sanborn",10307
"south dakota,shannon",2454
"south dakota,spink",6517
"south dakota,stanley",2994
"south dakota,sully",1409
"south dakota,todd",10245
"south dakota,tripp",5450
"south dakota,turner",8314
"south dakota,union",15247
"south dakota,walworth",5561
"south dakota,yankton",22699
"south dakota,ziebach",2754
"tennessee,anderson",76187
"tennessee,bedford",48138
"tennessee,benton",15959
"tennessee,bledsoe",14730
"tennessee,blount",129900
"tennessee,bradley",105317
"tennessee,campbell",39626
"tennessee,cannon",14168
"tennessee,carroll",27833
"tennessee,carter",56476
"tennessee,cheatham",40285
"tennessee,chester",17135
"tennessee,claiborne",31635
"tennessee,clay",7691
"tennessee,cocke",35481
"tennessee,coffee",54941
"tennessee,crockett",14465
"tennessee,cumberland",59005
"tennessee,davidson",689006
"tennessee,de kalb",11725
"tennessee,decatur",19846
"tennessee,dickson",52785
"tennessee,dyer",37403
"tennessee,fayette",40065
"tennessee,fentress",18120
"tennessee,franklin",41584
"tennessee,gibson",49118
"tennessee,giles",29385
"tennessee,grainger",23124
"tennessee,greene",68759
"tennessee,grundy",13334
"tennessee,hamblen",64111
"tennessee,hamilton",361132
"tennessee,hancock",6584
"tennessee,hardeman",25401
"tennessee,hardin",25783
"tennessee,hawkins",56470
"tennessee,haywood",17596
"tennessee,henderson",27726
"tennessee,henry",32420
"tennessee,hickman",24848
"tennessee,houston",8173
"tennessee,humphreys",18449
"tennessee,jackson",11677
"tennessee,jefferson",53732
"tennessee,johnson",17641
"tennessee,knox",460932
"tennessee,lake",7459
"tennessee,lauderdale",26108
"tennessee,lawrence",43327
"tennessee,lewis",12022
"tennessee,lincoln",33833
"tennessee,loudon",52175
"tennessee,macon",52895
"tennessee,madison",25989
"tennessee,marion",23892
"tennessee,marshall",97586
"tennessee,maury",28418
"tennessee,mcminn",32934
"tennessee,mcnairy",92220
"tennessee,meigs",12056
"tennessee,monroe",46098
"tennessee,montgomery",200015
"tennessee,moore",6363
"tennessee,morgan",21514
"tennessee,obion",30403
"tennessee,overton",21990
"tennessee,perry",7962
"tennessee,pickett",5063
"tennessee,polk",16765
"tennessee,putnam",77366
"tennessee,rhea",32742
"tennessee,roane",52932
"tennessee,robertson",70154
"tennessee,rutherford",316677
"tennessee,scott",21985
"tennessee,sequatchie",14752
"tennessee,sevier",97277
"tennessee,shelby",935973
"tennessee,smith",19650
"tennessee,stewart",13368
"tennessee,sullivan",156951
"tennessee,sumner",183584
"tennessee,tipton",61311
"tennessee,trousdale",10855
"tennessee,unicoi",17755
"tennessee,union",19407
"tennessee,van buren",5708
"tennessee,warren",40690
"tennessee,washington",127613
"tennessee,wayne",16556
"tennessee,weakley",33296
"tennessee,white",26744
"tennessee,williamson",225920
"tennessee,wilson",136540
"texas,anderson",58212
"texas,andrews",17631
"texas,angelina",87711
"texas,aransas",25447
"texas,archer",8786
"texas,armstrong",1881
"texas,atascosa",49069
"texas,austin",29757
"texas,bailey",7054
"texas,bandera",22324
"texas,bastrop",84809
"texas,baylor",3559
"texas,bee",32599
"texas,bell",347851
"texas,bexar",1958841
"texas,blanco",11513
"texas,borden",670
"texas,bosque",18318
"texas,bowie",93977
"texas,brazoria",362700
"texas,brazos",223572
"texas,brewster",9330
"texas,briscoe",1518
"texas,brooks",7153
"texas,brown",37870
"texas,burleson",18068
"texas,burnet",46654
"texas,caldwell",42425
"texas,calhoun",21770
"texas,callahan",13968
"texas,cameron",423181
"texas,camp",12874
"texas,carson",6010
"texas,cass",29980
"texas,castro",7760
"texas,chambers",41399
"texas,cherokee",52182
"texas,childress",7281
"texas,clay",10495
"texas,cochran",2853
"texas,coke",3303
"texas,coleman",8415
"texas,collin",971393
"texas,collingsworth",2978
"texas,colorado",21228
"texas,comal",140790
"texas,comanche",13547
"texas,concho",4311
"texas,cooke",39984
"texas,coryell",74883
"texas,cottle",1381
"texas,crane",4713
"texas,crockett",3555
"texas,crosby",5872
"texas,culberson",2237
"texas,dallam",7211
"texas,dallas",2622799
"texas,dawson",12766
"texas,de witt",18851
"texas,deaf smith",5286
"texas,delta",835330
"texas,denton",20208
"texas,dickens",2207
"texas,dimmit",10346
"texas,donley",3351
"texas,duval",11272
"texas,eastland",18342
"texas,ector",157173
"texas,edwards",1941
"texas,el paso",173636
"texas,ellis",840545
"texas,erath",41862
"texas,falls",17403
"texas,fannin",34572
"texas,fayette",25176
"texas,fisher",3904
"texas,floyd",5864
"texas,foard",1206
"texas,fort bend",766136
"texas,franklin",10780
"texas,freestone",19654
"texas,frio",19564
"texas,gaines",20635
"texas,galveston",334304
"texas,garza",6559
"texas,gillespie",26530
"texas,glasscock",1360
"texas,goliad",7548
"texas,gonzales",20796
"texas,gray",22121
"texas,grayson",131214
"texas,gregg",123123
"texas,grimes",27977
"texas,guadalupe",159841
"texas,hale",34044
"texas,hall",3059
"texas,hamilton",8394
"texas,hansford",5483
"texas,hardeman",3964
"texas,hardin",57159
"texas,harris",4664159
"texas,harrison",66540
"texas,hartley",5721
"texas,haskell",5783
"texas,hays",214277
"texas,hemphill",3945
"texas,henderson",81061
"texas,hidalgo",858323
"texas,hill",35819
"texas,hockley",22995
"texas,hood",58154
"texas,hopkins",36493
"texas,houston",23116
"texas,howard",36198
"texas,hudspeth",4600
"texas,hunt",93927
"texas,hutchinson",21362
"texas,irion",1511
"texas,jack",8821
"texas,jackson",14818
"texas,jasper",35550
"texas,jeff davis",2271
"texas,jefferson",256591
"texas,jim hogg",5245
"texas,jim wells",40930
"texas,johnson",167101
"texas,jones",19852
"texas,karnes",15516
"texas,kaufman",122845
"texas,kendall",43984
"texas,kenedy",422
"texas,kent",760
"texas,kerr",51850
"texas,kimble",4406
"texas,king",289
"texas,kinney",3775
"texas,kleberg",31152
"texas,knox",3683
"texas,la salle",49597
"texas,lamar",13198
"texas,lamb",20919
"texas,lampasas",7567
"texas,lavaca",20019
"texas,lee",17139
"texas,leon",17249
"texas,liberty",83809
"texas,limestone",23517
"texas,lipscomb",3376
"texas,live oak",12185
"texas,llano",21205
"texas,loving",136
"texas,lubbock",304875
"texas,lynn",5841
"texas,madison",7960
"texas,marion",251147
"texas,martin",785
"texas,mason",14255
"texas,matagorda",10073
"texas,maverick",5562
"texas,mcculloch",4203
"texas,mclennan",36811
"texas,mcmullen",58227
"texas,medina",50210
"texas,menard",2121
"texas,midland",165386
"texas,milam",24985
"texas,mills",4937
"texas,mitchell",8232
"texas,montague",19429
"texas,montgomery",572146
"texas,moore",21878
"texas,morris",12381
"texas,motley",1229
"texas,nacogdoches",65599
"texas,navarro",48779
"texas,newton",13930
"texas,nolan",14837
"texas,nueces",361014
"texas,ochiltree",10060
"texas,oldham",2113
"texas,orange",84936
"texas,palo pinto",28575
"texas,panola",23219
"texas,parker",133704
"texas,parmer",9796
"texas,pecos",15618
"texas,polk",49016
"texas,potter",120518
"texas,presidio",7155
"texas,rains",11751
"texas,randall",134433
"texas,reagan",3700
"texas,real",3427
"texas,red river",12203
"texas,reeves",15295
"texas,refugio",7199
"texas,roberts",937
"texas,robertson",17185
"texas,rockwall",96877
"texas,runnels",10333
"texas,rusk",54320
"texas,sabine",10441
"texas,san augustine",8292
"texas,san jacinto",28242
"texas,san patricio",67223
"texas,san saba",6032
"texas,schleicher",2995
"texas,scurry",17004
"texas,shackelford",3305
"texas,shelby",25311
"texas,sherman",3041
"texas,smith",227460
"texas,somervell",8847
"texas,starr",64267
"texas,stephens",9307
"texas,sterling",1301
"texas,stonewall",1387
"texas,sutton",3798
"texas,swisher",7481
"texas,tarrant",2057468
"texas,taylor",136696
"texas,terrell",820
"texas,terry",12458
"texas,throckmorton",1519
"texas,titus",32806
"texas,tom green",117689
"texas,travis",1227771
"texas,trinity",14710
"texas,tyler",21523
"texas,upshur",41151
"texas,upton",3661
"texas,uvalde",27098
"texas,val verde",49096
"texas,van zandt",55202
"texas,victoria",92103
"texas,walker",72383
"texas,waller",51285
"texas,ward",11423
"texas,washington",34897
"texas,webb",273982
"texas,wharton",41916
"texas,wheeler",5326
"texas,wichita",131899
"texas,wilbarger",12747
"texas,willacy",21574
"texas,williamson",545948
"texas,wilson",49215
"texas,winkler",7574
"texas,wise",65863
"texas,wood",44291
"texas,yoakum",8562
"texas,young",17978
"texas,zapata",14283
"texas,zavala",11965
"utah,beaver",6396
"utah,box elder",53967
"utah,cache",124564
"utah,carbon",20168
"utah,daggett",1022
"utah,davis",346881
"utah,duchesne",19915
"utah,emery",10020
"utah,garfield",5061
"utah,grand",9640
"utah,iron",50822
"utah,juab",11248
"utah,kane",7537
"utah,millard",12829
"utah,morgan",11875
"utah,piute",1413
"utah,rich",2402
"utah,salt lake",1137820
"utah,san juan",15320
"utah,sanpete",29991
"utah,sevier",21317
"utah,summit",41349
"utah,tooele",67418
"utah,uintah",35219
"utah,utah",606503
"utah,wasatch",31975
"utah,washington",165859
"utah,wayne",2721
"utah,weber",251866
"vermont,addison",36940
"vermont,bennington",35713
"vermont,caledonia",30154
"vermont,chittenden",162891
"vermont,essex",6213
"vermont,franklin",49007
"vermont,grand isle",6983
"vermont,lamoille",25345
"vermont,orange",28999
"vermont,orleans",26834
"vermont,rutland",59000
"vermont,washington",58283
"vermont,windham",42906
"vermont,windsor",55257
"virginia,accomack",32566
"virginia,albemarle",107788
"virginia,alleghany",15119
"virginia,amelia",12965
"virginia,amherst",31863
"virginia,appomattox",15701
"virginia,arlington",235121
"virginia,augusta",75082
"virginia,bath",4285
"virginia,bedford",78239
"virginia,bland",6351
"virginia,botetourt",33236
"virginia,brunswick",16616
"virginia,buchanan",21500
"virginia,buckingham",17027
"virginia,campbell",55086
"virginia,caroline",30433
"virginia,carroll",29747
"virginia,charles city",7000
"virginia,charlotte",12082
"virginia,chesapeake city",240327
"virginia,chesterfield",343163
"virginia,clarke",14449
"virginia,craig",5065
"virginia,culpeper",51267
"virginia,cumberland",9813
"virginia,dickenson",14721
"virginia,dinwiddie",28459
"virginia,essex",11011
"virginia,fairfax",1146883
"virginia,fauquier",69528
"virginia,floyd",15785
"virginia,fluvanna",26417
"virginia,franklin",56326
"virginia,frederick",86499
"virginia,giles",16771
"virginia,gloucester",37309
"virginia,goochland",22691
"virginia,grayson",15677
"virginia,greene",19648
"virginia,greensville",11716
"virginia,halifax",34532
"virginia,hampton",134581
"virginia,hanover",105850
"virginia,henrico",327148
"virginia,henry",51250
"virginia,highland",2217
"virginia,isle of wight",36571
"virginia,james city",75459
"virginia,king and queen",7000
"virginia,king george",26302
"virginia,king william",16705
"virginia,lancaster",10779
"virginia,lee",23795
"virginia,loudoun",396995
"virginia,louisa",35885
"virginia,lunenburg",12231
"virginia,madison",13245
"virginia,mathews",8731
"virginia,mecklenburg",30712
"virginia,middlesex",10643
"virginia,montgomery",98283
"virginia,nelson",14804
"virginia,new kent",21698
"virginia,newport news",179398
"virginia,norfolk",244922
"virginia,northampton",11887
"virginia,northumberland",12277
"virginia,nottoway",15467
"virginia,orange",35931
"virginia,page",23755
"virginia,patrick",17708
"virginia,pittsylvania",61341
"virginia,powhatan",28691
"virginia,prince edward",22708
"virginia,prince george",37895
"virginia,prince william",463551
"virginia,pulaski",34194
"virginia,rappahannock",7333
"virginia,richmond",8925
"virginia,roanoke",93763
"virginia,rockbridge",22609
"virginia,rockingham",80313
"virginia,russell",27027
"virginia,scott",21767
"virginia,shenandoah",43271
"virginia,smyth",30722
"virginia,southampton",17743
"virginia,spotsylvania",132802
"virginia,stafford",146790
"virginia,suffolk",90275
"virginia,surry",6522
"virginia,sussex",11380
"virginia,tazewell",41146
"virginia,virginia beach",449962
"virginia,warren",39357
"virginia,washington",54415
"virginia,westmoreland",17736
"virginia,wise",38611
"virginia,wythe",28872
"virginia,york",67878
"washington,adams",19681
"washington,asotin",22507
"washington,benton",198453
"washington,chelan",76479
"washington,clallam",75712
"washington,clark",474492
"washington,columbia",4023
"washington,cowlitz",106900
"washington,douglas",42167
"washington,ferry",7590
"washington,franklin",92117
"washington,garfield",2205
"washington,grant",95821
"washington,grays harbor",72553
"washington,island",83285
"washington,jefferson",31191
"washington,king",2204229
"washington,kitsap",266550
"washington,kittitas",46157
"washington,klickitat",21750
"washington,lewis",78230
"washington,lincoln",10579
"washington,mason",63801
"washington,okanogan",41898
"washington,pacific",21684
"washington,pend oreille",13363
"washington,pierce",877201
"washington,san juan",16725
"washington,skagit",126026
"washington,skamania",11837
"washington,snohomish",803039
"washington,spokane",505928
"washington,stevens",44667
"washington,thurston",280289
"washington,wahkiakum",4280
"washington,walla walla",60652
"washington,whatcom",221650
"washington,whitman",49344
"washington,yakima",250377
"west virginia,barbour",16499
"west virginia,berkeley",115007
"west virginia,boone",22374
"west virginia,braxton",14224
"west virginia,brooke",22390
"west virginia,cabell",94486
"west virginia,calhoun",7322
"west virginia,clay",8714
"west virginia,doddridge",8529
"west virginia,fayette",43577
"west virginia,gilmer",8057
"west virginia,grant",11649
"west virginia,greenbrier",35243
"west virginia,hampshire",23398
"west virginia,hancock",29425
"west virginia,hardy",13838
"west virginia,harrison",67923
"west virginia,jackson",28907
"west virginia,jefferson",56406
"west virginia,kanawha",183310
"west virginia,lewis",16192
"west virginia,lincoln",20878
"west virginia,logan",33043
"west virginia,marion",18521
"west virginia,marshall",56369
"west virginia,mason",31216
"west virginia,mcdowell",26818
"west virginia,mercer",59801
"west virginia,mineral",27180
"west virginia,mingo",24138
"west virginia,monongalia",105916
"west virginia,monroe",13373
"west virginia,morgan",17709
"west virginia,nicholas",25134
"west virginia,ohio",42056
"west virginia,pendleton",6970
"west virginia,pleasants",7453
"west virginia,pocahontas",8487
"west virginia,preston",33823
"west virginia,putnam",56665
"west virginia,raleigh",75062
"west virginia,randolph",28894
"west virginia,ritchie",9816
"west virginia,roane",14010
"west virginia,summers",12891
"west virginia,taylor",16910
"west virginia,tucker",6991
"west virginia,tyler",8807
"west virginia,upshur",24546
"west virginia,wayne",40192
"west virginia,webster",8363
"west virginia,wetzel",15425
"west virginia,wirt",5790
"west virginia,wood",85083
"west virginia,wyoming",21248
"wisconsin,adams",19891
"wisconsin,ashland",15513
"wisconsin,barron",45164
"wisconsin,bayfield",15033
"wisconsin,brown",261863
"wisconsin,buffalo",13107
"wisconsin,burnett",15313
"wisconsin,calumet",49994
"wisconsin,chippewa",63762
"wisconsin,clark",34569
"wisconsin,columbia",57236
"wisconsin,crawford",16223
"wisconsin,dane",536780
"wisconsin,dodge",87750
"wisconsin,door",27480
"wisconsin,douglas",43327
"wisconsin,dunn",44699
"wisconsin,eau claire",103674
"wisconsin,florence",4356
"wisconsin,fond du lac",102371
"wisconsin,forest",8970
"wisconsin,grant",51806
"wisconsin,green",36847
"wisconsin,green lake",18785
"wisconsin,iowa",23714
"wisconsin,iron",5672
"wisconsin,jackson",20474
"wisconsin,jefferson",84775
"wisconsin,juneau",26479
"wisconsin,kenosha",168582
"wisconsin,kewaunee",20397
"wisconsin,la crosse",118116
"wisconsin,lafayette",16689
"wisconsin,langlade",19171
"wisconsin,lincoln",27766
"wisconsin,manitowoc",79140
"wisconsin,marathon",135415
"wisconsin,marinette",40290
"wisconsin,marquette",15283
"wisconsin,menominee",4643
"wisconsin,milwaukee",950588
"wisconsin,monroe",45617
"wisconsin,oconto",37526
"wisconsin,oneida",35287
"wisconsin,outagamie",186064
"wisconsin,ozaukee",88430
"wisconsin,pepin",7246
"wisconsin,pierce",41983
"wisconsin,polk",43387
"wisconsin,portage",70608
"wisconsin,price",13406
"wisconsin,racine",195949
"wisconsin,richland",17488
"wisconsin,rock",162320
"wisconsin,rusk",14179
"wisconsin,sauk",63918
"wisconsin,sawyer",16391
"wisconsin,shawano",40881
"wisconsin,sheboygan",115235
"wisconsin,st croix",88607
"wisconsin,taylor",20333
"wisconsin,trempealeau",29361
"wisconsin,vernon",30737
"wisconsin,vilas",21706
"wisconsin,walworth",102956
"wisconsin,washburn",15770
"wisconsin,washington",135063
"wisconsin,waukesha",401070
"wisconsin,waupaca",51153
"wisconsin,waushara",24186
"wisconsin,winnebago",170375
"wisconsin,wood",73112
"wyoming,albany",38430
"wyoming,big horn",11879
"wyoming,campbell",46251
"wyoming,carbon",15242
"wyoming,converse",13744
"wyoming,crook",7424
"wyoming,fremont",39834
"wyoming,goshen",13404
"wyoming,hot springs",4686
"wyoming,johnson",8442
"wyoming,laramie",98460
"wyoming,lincoln",19259
"wyoming,natrona",79556
"wyoming,niobrara",2397
"wyoming,park",29189
"wyoming,platte",8561
"wyoming,sheridan",30132
"wyoming,sublette",9759
"wyoming,sweetwater",43547
"wyoming,teton",23261
"wyoming,uinta",20456
"wyoming,washakie",8035
"wyoming,weston",6986
